Workbook
Name mass: Testpoints!$C$2:$C$29
Name mea: Testpoints!$A$2:$C$29
Name nomval: Testpoints!$A$2:$A$10

Sheet Comp_Sht
A1: Uncertainty Meaurement for Thermometer/Sensor
A3: 1) Uncertainty due to Reference Standard Used Un/ U1 Standard Uncertainty of SPRT and Read-out/ Indicator)
B4: Standard Platinum Resistance Thermometer
B5: Description | G5: Digital Thermometer with PT100 Probe
G6: Confidence level = 95 % | L6: Standard k factor (from cal cert) k= | N6: 2
G7: Degrees of freedom (infinite), df1= | K7: 1e+26 | L7: Sensitivity Coefficient, sc1= | N7: 1
B8: Actual Temperature °C | E8: Digital Thermometer Indicated Values °C | I8: Corrections | K8: Uncertainty (°C) | M8: Uncertainty Un
K9: Standard uncertainty (from cal cert.), Us | M9: °C | O9: UN | P9: ∑UNi
B10: 0 | I10: =ABS(E10-B10) -> 0 | K10: 0.023 | M10: =K10/N6 -> 0.0115 | P10: k
B11: 50 | I11: =ABS(E11-B11) -> 50 | K11: 0.023 | M11: =K11/N6 -> 0.0115
B12: 100 | I12: =ABS(E12-B12) -> 100 | K12: 0.023 | M12: =K12/N6 -> 0.0115
P13: Environment Condition
P14: Time | Q14: Temperature (oC) | R14: Humidity (% RH)
A15: 2) Uncertainty due to Repeatability (Ur/ U2) | O15: Start | P15: 0.41666667 | Q15: 24.6 | R15: 53.8
B16: x | C16: 36 | D16: =C16+273.15 -> 309.15 | E16: 100 | F16: 121 | I16: No. Of Trials (n)= | L16: =COUNTA(B18:B20) -> 3 | O16: End | P16: 0.60416667 | Q16: 24.3 | R16: 54.2
C17: Testpoint 1 | E17: Testpoint 2 | F17: Testpoint 3 | I17: Degrees of freedom (n-1), df2= | L17: =L16-1 -> 2 | P17: Average | Q17: =AVERAGE(Q15:Q16) -> 24.45 | R17: =AVERAGE(R15:R16) -> 54
B18: Trial 1 | D18: =C18+273.15 -> 273.15 | G18: °C | I18: Sensitivity Coefficient, sc2= | L18: 1
B19: Trial 2 | D19: =C19+273.15 -> 273.15 | G19: °C
B20: Trial 3 | D20: =C20+273.15 -> 273.15 | G20: °C | N20: Standard dev/ Sr = √ (1/n-1)[∑(x-x')2]
B22: Ave, x' | C22: =AVERAGE(C18:C20) -> #DIV/0! | D22: =AVERAGE(D18:D20) -> 273.15 | E22: =AVERAGE(E18:E20) -> #DIV/0! | F22: =AVERAGE(F18:F20) -> #DIV/0! | I22: ∑(x-x')2 | J22: =SUM(C26:C28) -> #DIV/0! | K22: =SUM(E26:E28) -> #DIV/0! | L22: =SUM(F26:F28) -> #DIV/0! | N22: Ur = | O22: Sr
A23: x-x' | B23: T1 | C23: =C18-C22 -> #DIV/0! | D23: =D18-D22 -> 0 | E23: =E18-E22 -> #DIV/0! | F23: =F18-F22 -> #DIV/0! | I23: Sr = | J23: =(SQRT((L18/L17)*(J22))) -> #DIV/0! | K23: =(SQRT((L18/L17)*(K22))) -> #DIV/0! | L23: =(SQRT((L18/L17)*(L22))) -> #DIV/0! | O23: √n
B24: T2 | C24: =C19-C22 -> #DIV/0! | D24: =D19-D22 -> 0 | E24: =E19-E22 -> #DIV/0! | F24: =F19-F22 -> #DIV/0! | I24: LONG CUT STANDARD DEVIATION | P24: °C
B25: T3 | C25: =C20-C22 -> #DIV/0! | D25: =D20-D22 -> 0 | E25: =E20-E22 -> #DIV/0! | F25: =F20-F22 -> #DIV/0! | O25: Testpoint 1 | P25: =J28/SQRT(L16) -> #DIV/0!
A26: '(x-x')2 | B26: T1 | C26: =C23^2 -> #DIV/0! | E26: =E23^2 -> #DIV/0! | F26: =F23^2 -> #DIV/0! | O26: Testpoint 2 | P26: =K28/SQRT(L16) -> #DIV/0!
B27: T2 | C27: =C24^2 -> #DIV/0! | E27: =E24^2 -> #DIV/0! | F27: =F24^2 -> #DIV/0! | O27: Testpoint 3 | P27: =L28/(SQRT(L16)) -> #DIV/0!
B28: T3 | C28: =C25^2 -> #DIV/0! | E28: =E25^2 -> #DIV/0! | F28: =F25^2 -> #DIV/0! | I28: Sr (excel) | J28: =STDEV(C18:C20) -> #DIV/0! | K28: =STDEV(E18:E20) -> #DIV/0! | L28: =STDEV(F18:F20) -> #DIV/0!
A31: 3) Uncertainty due to readability (Ud/ U3)
B32: Resolution/Graduation, Rg | F32: °C
B33: Readability, Rd | F33: (0.1 for 1/10, 0.2 for 1/5, 0.5 for 1/2, 1 for 1/1)
B34: Ud= (Rg* Rd )/ √3 | E34: =(E32*E33)/SQRT(3) -> 0
B35: Absolute uncertainty of device | E35: 0.5
B36: Measured value | E36: 25.2
B37: Relative uncertainty %R | E37: =(E35/E36)*100 -> 1.984127
E38: 5 | F38: (5 best, 10 good, 20 poor)
B39: Degrees of freedom df3 | E39: =0.5*(100/E38)^2 -> 200
B40: 1/2(100/%R)^2 = 0.5(100/%R)^2
B41: Sensitivity Coefficient, sc3 | E41: 1

Sheet Testpoints
A1: For 1ST testpoint
A2: Component | C2: units | D2: Distribution | E2: Type | F2: dfi | G2: ui | H2: sci | I2: uisci | J2: (uisci)2 | K2: (uisci)4/dfi
A3: Un: Std Uncertainty | C3: °C | D3: Normal | E3: B | F3: =[1]General!K7 -> 1e+26 | G3: =Comp_Sht!M10 -> 0.0115 | H3: =[1]General!N7 -> 1 | I3: =(G3*H3) -> 0.0115 | J3: =(I3)^2 -> 0.00013225 | K3: =I3^4/F3 -> 1.7490062e-34
A4: Ur: Repeatability | C4: °C | D4: Normal | E4: A | F4: =[1]General!L18 -> 2 | G4: =Comp_Sht!P25 -> #DIV/0! | H4: =[1]General!L19 -> 1 | I4: =(G4*H4) -> #DIV/0! | J4: =(I4)^2 -> #DIV/0! | K4: =I4^4/F4 -> #DIV/0!
A5: Ud: Readability/Resolution | C5: °C | D5: Rect. | E5: B | F5: =[1]General!E40 -> 200 | G5: =Comp_Sht!E34 -> 0 | H5: =[1]General!E42 -> 1 | I5: =(G5*H5) -> 0 | J5: =(I5)^2 -> 0 | K5: =I5^4/F5 -> 0
A6: Sum | J6: =SUM(J3:J5) -> #DIV/0! | K6: =SUM(K3:K5) -> #DIV/0!
A7: Combined Standard uncertainty = square root of the sum of (uisci)2, Uc | J7: =SQRT(J6) -> #DIV/0! | K7: =C3 -> °C
A8: Effective degrees of freedom = (Uc)4 / sum of (uisci)4/dfi | I8: Veff | J8: =J7^4/K6 -> #DIV/0!
A9: Coverage Factor = Students (for Veff and C.L. 95%), K | J9: =TINV(0.05,J8) -> #DIV/0!
A10: Expanded Uncertainty @ 95% C.L., Ue | J10: =J7*J9 -> #DIV/0! | K10: =K7 -> °C
A12: For 2ND testpoint
A13: Component | C13: units | D13: Distribution | E13: Type | F13: dfi | G13: ui | H13: sci | I13: uisci | J13: (uisci)2 | K13: (uisci)4/dfi
A14: Un: Std Uncertainty | C14: °C | D14: Normal | E14: B | F14: 1e+26 | G14: =Comp_Sht!M11 -> 0.0115 | H14: 1 | I14: =(G14*H14) -> 0.0115 | J14: =(I14)^2 -> 0.00013225 | K14: =I14^4/F14 -> 1.7490062e-34
A15: Ur: Repeatability | C15: °C | D15: Normal | E15: A | F15: 2 | G15: =Comp_Sht!P26 -> #DIV/0! | H15: 1 | I15: =(G15*H15) -> #DIV/0! | J15: =(I15)^2 -> #DIV/0! | K15: =I15^4/F15 -> #DIV/0!
A16: Ud: Readability/Resolution | C16: °C | D16: Rect. | E16: B | F16: 200 | G16: =Comp_Sht!E34 -> 0 | H16: 1 | I16: =(G16*H16) -> 0 | J16: =(I16)^2 -> 0 | K16: =I16^4/F16 -> 0
A17: Sum | J17: =SUM(J14:J16) -> #DIV/0! | K17: =SUM(K14:K16) -> #DIV/0!
A18: Combined Standard uncertainty = square root of the sum of (uisci)2, Uc | J18: =SQRT(J17) -> #DIV/0! | K18: =C14 -> °C
A19: Effective degrees of freedom = (Uc)4 / sum of (uisci)4/dfi | I19: Veff | J19: =J18^4/K17 -> #DIV/0!
A20: Coverage Factor = Students (for Veff and C.L. 95%), K | J20: =TINV(0.05,J19) -> #DIV/0!
A21: Expanded Uncertainty @ 95% C.L., Ue | J21: =J18*J20 -> #DIV/0! | K21: =K18 -> °C
A23: For 3RD testpoint
A24: Component | C24: units | D24: Distribution | E24: Type | F24: dfi | G24: ui | H24: sci | I24: uisci | J24: (uisci)2 | K24: (uisci)4/dfi
A25: Un: Std Uncertainty | C25: °C | D25: Normal | E25: B | F25: 1e+26 | G25: =Comp_Sht!M12 -> 0.0115 | H25: 1 | I25: =(G25*H25) -> 0.0115 | J25: =(I25)^2 -> 0.00013225 | K25: =I25^4/F25 -> 1.7490062e-34
A26: Ur: Repeatability | C26: °C | D26: Normal | E26: A | F26: 2 | G26: =Comp_Sht!P27 -> #DIV/0! | H26: 1 | I26: =(G26*H26) -> #DIV/0! | J26: =(I26)^2 -> #DIV/0! | K26: =I26^4/F26 -> #DIV/0!
A27: Ud: Readability/Resolution | C27: °C | D27: Rect. | E27: B | F27: 200 | G27: =Comp_Sht!E34 -> 0 | H27: 1 | I27: =(G27*H27) -> 0 | J27: =(I27)^2 -> 0 | K27: =I27^4/F27 -> 0
A28: Sum | J28: =SUM(J25:J27) -> #DIV/0! | K28: =SUM(K25:K27) -> #DIV/0!
A29: Combined Standard uncertainty = square root of the sum of (uisci)2, Uc | J29: =SQRT(J28) -> #DIV/0! | K29: =C25 -> °C
A30: Effective degrees of freedom = (Uc)4 / sum of (uisci)4/dfi | I30: Veff | J30: =J29^4/K28 -> #DIV/0!
A31: Coverage Factor = Students (for Veff and C.L. 95%), K | J31: =TINV(0.05,J30) -> #DIV/0!
A32: Expanded Uncertainty @ 95% C.L., Ue | J32: =J29*J31 -> #DIV/0! | K32: =K29 -> °C

Sheet Cal. Cert.
A7: REGIONAL STANDARDS AND TESTING LABORATORY
B9: CALIBRATION CERTIFICATE
B11: Reference No. | D11: :
B12: Sample No. | D12: :
B13: Date Submitted | D13: :
B14: Date Calibrated | D14: :
B15: Calibration Item | D15: :
C16: Make | D16: :
C17: Model No. | D17: :
C18: Serial No. | D18: :
C19: Resolution | D19: : | F19: Readabilty | H19: :
C20: Customer | D20: :
C21: Address | D21: :
B22: MEASUREMENT RESULTS:
B24: This certifies that the above THERMOMETER/ SENSOR was calibrated by the Regional Metrology Laboratory at Government Center, Sevilla, City of San Fernando, La Union under the following environmental conditions:
B26: Ambient Temperature (º C) | D26: : | F26: º C
B27: Relative Humidity (%) | D27: : | F27: %
B29: Standard Reading º C | D29: UUT Reading º C | G29: Correction º C | J29: Uncertainty of Measurement
B30: =Comp_Sht!E10 -> 0 | D30: =Comp_Sht!C22 -> #DIV/0! | G30: =D30-B30 -> #DIV/0! | J30: =Testpoints!J10 -> #DIV/0!
B31: =Comp_Sht!E11 -> 0 | D31: =Comp_Sht!E22 -> #DIV/0! | G31: =D31-B31 -> #DIV/0! | J31: =Testpoints!J21 -> #DIV/0!
B32: =Comp_Sht!E12 -> 0 | D32: =Comp_Sht!F22 -> #DIV/0! | G32: =D32-B32 -> #DIV/0! | J32: =Testpoints!J32 -> #DIV/0!
B34: The procedure is in accordance with the laboratory’s in-house calibration method (CM-MTR-009) with the following results at the indicated test points. The specified expanded uncertainty is at a confidence level of approximately 95% with a coverage factor of k=2.
B52: STANDARDS USED AND TRACEABILITY
B54: Name of Standard | D54: Calibration Certificate No. | H54: Issuing Lab/Traceability
B55: Temperature Readout Isotech TTI-10 | D55: 102023-DT-0089 | H55: NML-Philippines, ITDI
B56: Standard Platinum Resistance Thermometer | D56: 102023-DT-0089
B61: REMARKS:
B64: • | C64: The results given in this report are obtained at the time of the test and refer only to the particular instrument submitted. This report shall not be reproduced except in full, without the written approval of the laboratory.
B65: • | C65: This instrument was calibrated using reference standard traceable to SI Units of measurement through National Metrology Laboratory
B67: • | C67: The End user should determine the suitability of equipment for it's intended use.
B68: • | C68: No adjustments were performed on the thermometer
C79: JULIUS R. ALVIOR
C80: Calibration Engineer
H83: BERNADINE P. SUNIEGA
H84: Technical Manager
